{
    "A":{"x":0.0,"y":0,"w":0.0075026797,"h":1},
    "B":{"x":0.0075026797,"y":0,"w":0.00857449,"h":1},
    "C":{"x":0.01607717,"y":0,"w":0.009646302,"h":1},
    "D":{"x":0.025723472,"y":0,"w":0.009646302,"h":1},
    "E":{"x":0.035369776,"y":0,"w":0.00857449,"h":1},
    "F":{"x":0.043944266,"y":0,"w":0.0075026797,"h":1},
    "G":{"x":0.051446944,"y":0,"w":0.009646302,"h":1},
    "H":{"x":0.06109325,"y":0,"w":0.009646302,"h":1},
    "I":{"x":0.07073955,"y":0,"w":0.003215434,"h":1},
    "J":{"x":0.073954985,"y":0,"w":0.006430868,"h":1},
    "K":{"x":0.08038585,"y":0,"w":0.00857449,"h":1},
    "L":{"x":0.08896034,"y":0,"w":0.0075026797,"h":1},
    "M":{"x":0.096463025,"y":0,"w":0.009646302,"h":1},
    "N":{"x":0.10610932,"y":0,"w":0.009646302,"h":1},
    "O":{"x":0.115755625,"y":0,"w":0.009646302,"h":1},
    "P":{"x":0.12540193,"y":0,"w":0.00857449,"h":1},
    "Q":{"x":0.13397641,"y":0,"w":0.009646302,"h":1},
    "R":{"x":0.14362273,"y":0,"w":0.009646302,"h":1},
    "S":{"x":0.15326902,"y":0,"w":0.00857449,"h":1},
    "T":{"x":0.16184351,"y":0,"w":0.0075026797,"h":1},
    "U":{"x":0.1693462,"y":0,"w":0.009646302,"h":1},
    "V":{"x":0.1789925,"y":0,"w":0.0075026797,"h":1},
    "W":{"x":0.18649517,"y":0,"w":0.011789925,"h":1},
    "X":{"x":0.1982851,"y":0,"w":0.0075026797,"h":1},
    "Y":{"x":0.20578778,"y":0,"w":0.0075026797,"h":1},
    "Z":{"x":0.21329047,"y":0,"w":0.0075026797,"h":1},
    "a":{"x":0.22079314,"y":0,"w":0.0075026797,"h":1},
    "b":{"x":0.22829582,"y":0,"w":0.0075026797,"h":1},
    "c":{"x":0.2357985,"y":0,"w":0.006430868,"h":1},
    "d":{"x":0.24222937,"y":0,"w":0.0075026797,"h":1},
    "e":{"x":0.24973205,"y":0,"w":0.0075026797,"h":1},
    "f":{"x":0.25723472,"y":0,"w":0.003215434,"h":1},
    "g":{"x":0.26045015,"y":0,"w":0.0075026797,"h":1},
    "h":{"x":0.26795283,"y":0,"w":0.0075026797,"h":1},
    "i":{"x":0.27545553,"y":0,"w":0.003215434,"h":1},
    "j":{"x":0.27867097,"y":0,"w":0.003215434,"h":1},
    "k":{"x":0.2818864,"y":0,"w":0.006430868,"h":1},
    "l":{"x":0.28831726,"y":0,"w":0.003215434,"h":1},
    "m":{"x":0.2915327,"y":0,"w":0.011789925,"h":1},
    "n":{"x":0.3033226,"y":0,"w":0.0075026797,"h":1},
    "o":{"x":0.3108253,"y":0,"w":0.0075026797,"h":1},
    "p":{"x":0.31832796,"y":0,"w":0.0075026797,"h":1},
    "q":{"x":0.32583067,"y":0,"w":0.0075026797,"h":1},
    "r":{"x":0.33333334,"y":0,"w":0.004287245,"h":1},
    "s":{"x":0.3376206,"y":0,"w":0.0075026797,"h":1},
    "t":{"x":0.34512326,"y":0,"w":0.003215434,"h":1},
    "u":{"x":0.3483387,"y":0,"w":0.0075026797,"h":1},
    "v":{"x":0.35584137,"y":0,"w":0.005359057,"h":1},
    "w":{"x":0.36120042,"y":0,"w":0.009646302,"h":1},
    "x":{"x":0.37084672,"y":0,"w":0.005359057,"h":1},
    "y":{"x":0.3762058,"y":0,"w":0.005359057,"h":1},
    "z":{"x":0.38156486,"y":0,"w":0.005359057,"h":1},
    "0":{"x":0.3869239,"y":0,"w":0.0075026797,"h":1},
    "1":{"x":0.39442658,"y":0,"w":0.0075026797,"h":1},
    "2":{"x":0.40192926,"y":0,"w":0.0075026797,"h":1},
    "3":{"x":0.40943193,"y":0,"w":0.0075026797,"h":1},
    "4":{"x":0.4169346,"y":0,"w":0.0075026797,"h":1},
    "5":{"x":0.42443728,"y":0,"w":0.0075026797,"h":1},
    "6":{"x":0.43194,"y":0,"w":0.0075026797,"h":1},
    "7":{"x":0.43944266,"y":0,"w":0.0075026797,"h":1},
    "8":{"x":0.44694534,"y":0,"w":0.0075026797,"h":1},
    "9":{"x":0.454448,"y":0,"w":0.0075026797,"h":1},
    "Й":{"x":0.4619507,"y":0,"w":0.009646302,"h":1},
    "Ц":{"x":0.471597,"y":0,"w":0.009646302,"h":1},
    "У":{"x":0.4812433,"y":0,"w":0.00857449,"h":1},
    "К":{"x":0.4898178,"y":0,"w":0.0075026797,"h":1},
    "Е":{"x":0.49732047,"y":0,"w":0.00857449,"h":1},
    "Н":{"x":0.50589496,"y":0,"w":0.009646302,"h":1},
    "Г":{"x":0.51554126,"y":0,"w":0.0075026797,"h":1},
    "Ш":{"x":0.52304393,"y":0,"w":0.011789925,"h":1},
    "Щ":{"x":0.53483385,"y":0,"w":0.011789925,"h":1},
    "З":{"x":0.54662377,"y":0,"w":0.0075026797,"h":1},
    "Х":{"x":0.5541265,"y":0,"w":0.0075026797,"h":1},
    "Ъ":{"x":0.5616292,"y":0,"w":0.010718114,"h":1},
    "Ф":{"x":0.5723473,"y":0,"w":0.009646302,"h":1},
    "Ы":{"x":0.5819936,"y":0,"w":0.010718114,"h":1},
    "В":{"x":0.5927117,"y":0,"w":0.00857449,"h":1},
    "А":{"x":0.6012862,"y":0,"w":0.0075026797,"h":1},
    "П":{"x":0.60878885,"y":0,"w":0.009646302,"h":1},
    "Р":{"x":0.61843514,"y":0,"w":0.00857449,"h":1},
    "О":{"x":0.62700963,"y":0,"w":0.009646302,"h":1},
    "Л":{"x":0.6366559,"y":0,"w":0.00857449,"h":1},
    "Д":{"x":0.6452304,"y":0,"w":0.00857449,"h":1},
    "Ж":{"x":0.65380496,"y":0,"w":0.011789925,"h":1},
    "Э":{"x":0.6655949,"y":0,"w":0.009646302,"h":1},
    "Я":{"x":0.6752412,"y":0,"w":0.009646302,"h":1},
    "Ч":{"x":0.68488747,"y":0,"w":0.00857449,"h":1},
    "С":{"x":0.69346195,"y":0,"w":0.009646302,"h":1},
    "М":{"x":0.70310825,"y":0,"w":0.009646302,"h":1},
    "И":{"x":0.71275455,"y":0,"w":0.009646302,"h":1},
    "Т":{"x":0.72240084,"y":0,"w":0.0075026797,"h":1},
    "Ь":{"x":0.7299035,"y":0,"w":0.00857449,"h":1},
    "Б":{"x":0.738478,"y":0,"w":0.00857449,"h":1},
    "Ю":{"x":0.7470525,"y":0,"w":0.012861736,"h":1},
    "й":{"x":0.7599143,"y":0,"w":0.0075026797,"h":1},
    "ц":{"x":0.76741695,"y":0,"w":0.0075026797,"h":1},
    "у":{"x":0.7749196,"y":0,"w":0.005359057,"h":1},
    "к":{"x":0.7802787,"y":0,"w":0.006430868,"h":1},
    "е":{"x":0.78670955,"y":0,"w":0.0075026797,"h":1},
    "н":{"x":0.7942122,"y":0,"w":0.0075026797,"h":1},
    "г":{"x":0.8017149,"y":0,"w":0.004287245,"h":1},
    "ш":{"x":0.80600214,"y":0,"w":0.009646302,"h":1},
    "щ":{"x":0.81564844,"y":0,"w":0.009646302,"h":1},
    "з":{"x":0.82529473,"y":0,"w":0.006430868,"h":1},
    "х":{"x":0.8317256,"y":0,"w":0.005359057,"h":1},
    "ъ":{"x":0.83708465,"y":0,"w":0.00857449,"h":1},
    "ф":{"x":0.84565914,"y":0,"w":0.009646302,"h":1},
    "ы":{"x":0.8553055,"y":0,"w":0.009646302,"h":1},
    "в":{"x":0.8649518,"y":0,"w":0.006430868,"h":1},
    "а":{"x":0.87138265,"y":0,"w":0.0075026797,"h":1},
    "п":{"x":0.8788853,"y":0,"w":0.0075026797,"h":1},
    "р":{"x":0.886388,"y":0,"w":0.0075026797,"h":1},
    "о":{"x":0.8938907,"y":0,"w":0.0075026797,"h":1},
    "л":{"x":0.90139335,"y":0,"w":0.0075026797,"h":1},
    "д":{"x":0.908896,"y":0,"w":0.0075026797,"h":1},
    "ж":{"x":0.9163987,"y":0,"w":0.009646302,"h":1},
    "э":{"x":0.926045,"y":0,"w":0.006430868,"h":1},
    "я":{"x":0.93247586,"y":0,"w":0.0075026797,"h":1},
    "ч":{"x":0.93997854,"y":0,"w":0.006430868,"h":1},
    "с":{"x":0.9464094,"y":0,"w":0.006430868,"h":1},
    "м":{"x":0.9528403,"y":0,"w":0.009646302,"h":1},
    "и":{"x":0.9624866,"y":0,"w":0.0075026797,"h":1},
    "т":{"x":0.9699893,"y":0,"w":0.005359057,"h":1},
    "ь":{"x":0.97534835,"y":0,"w":0.0075026797,"h":1},
    "б":{"x":0.982851,"y":0,"w":0.0075026797,"h":1},
    "ю":{"x":0.9903537,"y":0,"w":0.009646302,"h":1}
}