{
    "A":{"x":0.0,"y":0,"w":0.006523765,"h":1},
    "B":{"x":0.006523765,"y":0,"w":0.0074557317,"h":1},
    "C":{"x":0.013979496,"y":0,"w":0.008387698,"h":1},
    "D":{"x":0.022367194,"y":0,"w":0.008387698,"h":1},
    "E":{"x":0.030754892,"y":0,"w":0.0074557317,"h":1},
    "F":{"x":0.038210623,"y":0,"w":0.006523765,"h":1},
    "G":{"x":0.04473439,"y":0,"w":0.008387698,"h":1},
    "H":{"x":0.05312209,"y":0,"w":0.008387698,"h":1},
    "I":{"x":0.061509784,"y":0,"w":0.0027958993,"h":1},
    "J":{"x":0.064305685,"y":0,"w":0.0055917986,"h":1},
    "K":{"x":0.06989748,"y":0,"w":0.0074557317,"h":1},
    "L":{"x":0.07735322,"y":0,"w":0.006523765,"h":1},
    "M":{"x":0.08387698,"y":0,"w":0.008387698,"h":1},
    "N":{"x":0.09226468,"y":0,"w":0.008387698,"h":1},
    "O":{"x":0.100652374,"y":0,"w":0.008387698,"h":1},
    "P":{"x":0.109040074,"y":0,"w":0.0074557317,"h":1},
    "Q":{"x":0.1164958,"y":0,"w":0.008387698,"h":1},
    "R":{"x":0.1248835,"y":0,"w":0.008387698,"h":1},
    "S":{"x":0.1332712,"y":0,"w":0.0074557317,"h":1},
    "T":{"x":0.14072694,"y":0,"w":0.006523765,"h":1},
    "U":{"x":0.1472507,"y":0,"w":0.008387698,"h":1},
    "V":{"x":0.1556384,"y":0,"w":0.006523765,"h":1},
    "W":{"x":0.16216215,"y":0,"w":0.010251631,"h":1},
    "X":{"x":0.1724138,"y":0,"w":0.006523765,"h":1},
    "Y":{"x":0.17893755,"y":0,"w":0.006523765,"h":1},
    "Z":{"x":0.18546133,"y":0,"w":0.006523765,"h":1},
    "a":{"x":0.19198509,"y":0,"w":0.006523765,"h":1},
    "b":{"x":0.19850886,"y":0,"w":0.006523765,"h":1},
    "c":{"x":0.20503262,"y":0,"w":0.0055917986,"h":1},
    "d":{"x":0.21062441,"y":0,"w":0.006523765,"h":1},
    "e":{"x":0.21714818,"y":0,"w":0.006523765,"h":1},
    "f":{"x":0.22367194,"y":0,"w":0.0027958993,"h":1},
    "g":{"x":0.22646785,"y":0,"w":0.006523765,"h":1},
    "h":{"x":0.2329916,"y":0,"w":0.006523765,"h":1},
    "i":{"x":0.23951538,"y":0,"w":0.0027958993,"h":1},
    "j":{"x":0.24231128,"y":0,"w":0.0027958993,"h":1},
    "k":{"x":0.24510717,"y":0,"w":0.0055917986,"h":1},
    "l":{"x":0.25069898,"y":0,"w":0.0027958993,"h":1},
    "m":{"x":0.2534949,"y":0,"w":0.010251631,"h":1},
    "n":{"x":0.2637465,"y":0,"w":0.006523765,"h":1},
    "o":{"x":0.27027026,"y":0,"w":0.006523765,"h":1},
    "p":{"x":0.27679405,"y":0,"w":0.006523765,"h":1},
    "q":{"x":0.2833178,"y":0,"w":0.006523765,"h":1},
    "r":{"x":0.28984156,"y":0,"w":0.0037278659,"h":1},
    "s":{"x":0.29356945,"y":0,"w":0.006523765,"h":1},
    "t":{"x":0.3000932,"y":0,"w":0.0027958993,"h":1},
    "u":{"x":0.3028891,"y":0,"w":0.006523765,"h":1},
    "v":{"x":0.30941287,"y":0,"w":0.0046598325,"h":1},
    "w":{"x":0.3140727,"y":0,"w":0.008387698,"h":1},
    "x":{"x":0.32246038,"y":0,"w":0.0046598325,"h":1},
    "y":{"x":0.3271202,"y":0,"w":0.0046598325,"h":1},
    "z":{"x":0.33178005,"y":0,"w":0.0046598325,"h":1},
    "0":{"x":0.33643988,"y":0,"w":0.006523765,"h":1},
    "1":{"x":0.34296367,"y":0,"w":0.006523765,"h":1},
    "2":{"x":0.34948742,"y":0,"w":0.006523765,"h":1},
    "3":{"x":0.35601118,"y":0,"w":0.006523765,"h":1},
    "4":{"x":0.36253494,"y":0,"w":0.006523765,"h":1},
    "5":{"x":0.36905873,"y":0,"w":0.006523765,"h":1},
    "6":{"x":0.3755825,"y":0,"w":0.006523765,"h":1},
    "7":{"x":0.38210624,"y":0,"w":0.006523765,"h":1},
    "8":{"x":0.38863,"y":0,"w":0.006523765,"h":1},
    "9":{"x":0.39515376,"y":0,"w":0.006523765,"h":1},
    "Й":{"x":0.40167755,"y":0,"w":0.008387698,"h":1},
    "Ц":{"x":0.41006523,"y":0,"w":0.008387698,"h":1},
    "У":{"x":0.41845295,"y":0,"w":0.0074557317,"h":1},
    "К":{"x":0.42590865,"y":0,"w":0.006523765,"h":1},
    "Е":{"x":0.43243244,"y":0,"w":0.0074557317,"h":1},
    "Н":{"x":0.43988815,"y":0,"w":0.008387698,"h":1},
    "Г":{"x":0.44827586,"y":0,"w":0.006523765,"h":1},
    "Ш":{"x":0.45479962,"y":0,"w":0.010251631,"h":1},
    "Щ":{"x":0.46505126,"y":0,"w":0.010251631,"h":1},
    "З":{"x":0.47530288,"y":0,"w":0.006523765,"h":1},
    "Х":{"x":0.48182666,"y":0,"w":0.006523765,"h":1},
    "Ъ":{"x":0.48835042,"y":0,"w":0.009319665,"h":1},
    "Ф":{"x":0.49767008,"y":0,"w":0.008387698,"h":1},
    "Ы":{"x":0.5060578,"y":0,"w":0.009319665,"h":1},
    "В":{"x":0.51537746,"y":0,"w":0.0074557317,"h":1},
    "А":{"x":0.52283317,"y":0,"w":0.006523765,"h":1},
    "П":{"x":0.52935696,"y":0,"w":0.008387698,"h":1},
    "Р":{"x":0.53774464,"y":0,"w":0.0074557317,"h":1},
    "О":{"x":0.54520035,"y":0,"w":0.008387698,"h":1},
    "Л":{"x":0.5535881,"y":0,"w":0.0074557317,"h":1},
    "Д":{"x":0.5610438,"y":0,"w":0.0074557317,"h":1},
    "Ж":{"x":0.5684995,"y":0,"w":0.010251631,"h":1},
    "Э":{"x":0.57875115,"y":0,"w":0.008387698,"h":1},
    "Я":{"x":0.5871389,"y":0,"w":0.008387698,"h":1},
    "Ч":{"x":0.5955266,"y":0,"w":0.0074557317,"h":1},
    "С":{"x":0.6029823,"y":0,"w":0.008387698,"h":1},
    "М":{"x":0.61136997,"y":0,"w":0.008387698,"h":1},
    "И":{"x":0.6197577,"y":0,"w":0.008387698,"h":1},
    "Т":{"x":0.6281454,"y":0,"w":0.006523765,"h":1},
    "Ь":{"x":0.6346691,"y":0,"w":0.0074557317,"h":1},
    "Б":{"x":0.6421249,"y":0,"w":0.0074557317,"h":1},
    "Ю":{"x":0.6495806,"y":0,"w":0.011183597,"h":1},
    "й":{"x":0.6607642,"y":0,"w":0.006523765,"h":1},
    "ц":{"x":0.667288,"y":0,"w":0.006523765,"h":1},
    "у":{"x":0.67381173,"y":0,"w":0.0046598325,"h":1},
    "к":{"x":0.67847157,"y":0,"w":0.0055917986,"h":1},
    "е":{"x":0.6840634,"y":0,"w":0.006523765,"h":1},
    "н":{"x":0.69058716,"y":0,"w":0.006523765,"h":1},
    "г":{"x":0.6971109,"y":0,"w":0.0037278659,"h":1},
    "ш":{"x":0.70083874,"y":0,"w":0.008387698,"h":1},
    "щ":{"x":0.7092265,"y":0,"w":0.008387698,"h":1},
    "з":{"x":0.7176142,"y":0,"w":0.0055917986,"h":1},
    "х":{"x":0.723206,"y":0,"w":0.0046598325,"h":1},
    "ъ":{"x":0.7278658,"y":0,"w":0.0074557317,"h":1},
    "ф":{"x":0.7353215,"y":0,"w":0.008387698,"h":1},
    "ы":{"x":0.7437092,"y":0,"w":0.008387698,"h":1},
    "в":{"x":0.75209695,"y":0,"w":0.0055917986,"h":1},
    "а":{"x":0.7576887,"y":0,"w":0.006523765,"h":1},
    "п":{"x":0.7642125,"y":0,"w":0.006523765,"h":1},
    "р":{"x":0.7707363,"y":0,"w":0.006523765,"h":1},
    "о":{"x":0.77726,"y":0,"w":0.006523765,"h":1},
    "л":{"x":0.7837838,"y":0,"w":0.006523765,"h":1},
    "д":{"x":0.7903075,"y":0,"w":0.006523765,"h":1},
    "ж":{"x":0.7968313,"y":0,"w":0.008387698,"h":1},
    "э":{"x":0.805219,"y":0,"w":0.0055917986,"h":1},
    "я":{"x":0.8108108,"y":0,"w":0.006523765,"h":1},
    "ч":{"x":0.8173346,"y":0,"w":0.0055917986,"h":1},
    "с":{"x":0.8229264,"y":0,"w":0.0055917986,"h":1},
    "м":{"x":0.82851815,"y":0,"w":0.008387698,"h":1},
    "и":{"x":0.8369059,"y":0,"w":0.006523765,"h":1},
    "т":{"x":0.8434296,"y":0,"w":0.0046598325,"h":1},
    "ь":{"x":0.84808946,"y":0,"w":0.006523765,"h":1},
    "б":{"x":0.85461324,"y":0,"w":0.006523765,"h":1},
    "ю":{"x":0.861137,"y":0,"w":0.008387698,"h":1},
    "!":{"x":0.8695247,"y":0,"w":0.0027958993,"h":1},
    "@":{"x":0.8723206,"y":0,"w":0.011183597,"h":1},
    "#":{"x":0.8835042,"y":0,"w":0.006523765,"h":1},
    "$":{"x":0.89002794,"y":0,"w":0.006523765,"h":1},
    "%":{"x":0.8965517,"y":0,"w":0.010251631,"h":1},
    "^":{"x":0.90680337,"y":0,"w":0.0046598325,"h":1},
    "&":{"x":0.9114632,"y":0,"w":0.0074557317,"h":1},
    "*":{"x":0.9189189,"y":0,"w":0.0046598325,"h":1},
    "(":{"x":0.92357874,"y":0,"w":0.0037278659,"h":1},
    ")":{"x":0.9273066,"y":0,"w":0.0037278659,"h":1},
    "_":{"x":0.9310345,"y":0,"w":0.006523765,"h":1},
    "-":{"x":0.93755823,"y":0,"w":0.0037278659,"h":1},
    "=":{"x":0.9412861,"y":0,"w":0.006523765,"h":1},
    "+":{"x":0.9478099,"y":0,"w":0.006523765,"h":1},
    "~":{"x":0.95433366,"y":0,"w":0.006523765,"h":1},
    "`":{"x":0.9608574,"y":0,"w":0.0037278659,"h":1},
    "\"":{"x":0.9645853,"y":0,"w":0.0037278659,"h":1},
    "'":{"x":0.96831316,"y":0,"w":0.0018639329,"h":1},
    ":":{"x":0.97017705,"y":0,"w":0.0027958993,"h":1},
    ";":{"x":0.972973,"y":0,"w":0.0027958993,"h":1},
    ".":{"x":0.97576886,"y":0,"w":0.0027958993,"h":1},
    ",":{"x":0.9785648,"y":0,"w":0.0027958993,"h":1},
    "<":{"x":0.9813607,